FIPS,Name,2023 Rural-urban Continuum Code*,1970,1980,1990,2000,2008-2012,2018-2022
23000,Maine,,45.3%,31.3%,21.2%,14.6%,9.4%,5.9%
23001,"Androscoggin, ME        ",3,55.4%,41.5%,28.2%,20.2%,12.4%,8.0%
23003,"Aroostook, ME        ",7,52.8%,38.3%,29.1%,23.1%,15.4%,9.4%
23005,"Cumberland, ME        ",2,35.9%,25.0%,15.0%,9.9%,6.4%,3.7%
23007,"Franklin, ME        ",8,42.8%,29.7%,20.3%,14.8%,9.7%,6.1%
23009,"Hancock, ME        ",8,41.1%,26.4%,16.7%,12.2%,8.5%,5.0%
23011,"Kennebec, ME        ",4,44.7%,31.8%,21.1%,14.8%,8.9%,5.4%
23013,"Knox, ME        ",7,44.7%,28.5%,19.2%,12.5%,8.8%,6.3%
23015,"Lincoln, ME        ",8,39.3%,24.8%,18.6%,12.1%,7.3%,5.2%
23017,"Oxford, ME        ",6,45.6%,32.1%,23.1%,17.6%,11.1%,8.9%
23019,"Penobscot, ME        ",3,42.4%,28.1%,20.9%,14.3%,9.6%,6.1%
23021,"Piscataquis, ME        ",8,47.5%,34.6%,24.6%,19.7%,12.5%,8.0%
23023,"Sagadahoc, ME        ",2,44.3%,30.6%,18.9%,12.0%,7.2%,5.7%
23025,"Somerset, ME        ",6,53.4%,36.2%,28.1%,19.2%,12.9%,8.2%
23027,"Waldo, ME        ",8,48.3%,32.8%,22.6%,15.4%,9.6%,6.8%
23029,"Washington, ME        ",9,54.2%,38.6%,26.8%,20.1%,13.0%,9.1%
23031,"York, ME        ",2,48.1%,32.1%,20.5%,13.5%,8.7%,5.3%
08000,Colorado,,36.1%,21.4%,15.6%,13.1%,10.1%,7.5%
08001,"Adams, CO        ",1,37.3%,26.5%,21.2%,21.2%,18.9%,15.2%
08003,"Alamosa, CO        ",7,40.2%,29.1%,23.1%,17.4%,13.8%,10.2%
08005,"Arapahoe, CO        ",1,23.9%,11.4%,8.5%,9.3%,8.9%,7.8%
08007,"Archuleta, CO        ",7,54.2%,27.7%,19.1%,12.7%,7.5%,5.5%
08009,"Baca, CO        ",9,53.7%,37.8%,28.0%,21.5%,13.6%,14.2%
08011,"Bent, CO        ",9,57.5%,39.1%,27.3%,22.8%,22.0%,16.6%
08013,"Boulder, CO        ",2,24.2%,12.6%,8.7%,7.2%,6.0%,4.3%
08014,"Broomfield, CO        ",1,,,,,4.8%,3.7%
08015,"Chaffee, CO        ",6,41.6%,27.2%,19.0%,11.5%,8.7%,7.0%
08017,"Cheyenne, CO        ",9,48.9%,28.1%,19.2%,15.9%,14.0%,7.0%
08019,"Clear Creek, CO        ",1,35.5%,12.3%,8.2%,6.6%,4.6%,3.4%
08021,"Conejos, CO        ",9,59.4%,48.0%,36.3%,27.9%,17.7%,10.2%
08023,"Costilla, CO        ",9,61.0%,54.1%,39.5%,31.8%,24.1%,11.7%
08025,"Crowley, CO        ",8,57.7%,44.1%,29.7%,22.5%,30.7%,19.0%
08027,"Custer, CO        ",8,44.5%,21.0%,16.2%,9.7%,6.2%,3.1%
08029,"Delta, CO        ",6,50.9%,32.0%,27.0%,19.9%,12.8%,10.0%
08031,"Denver, CO        ",1,38.5%,25.3%,20.8%,21.1%,14.9%,9.5%
08033,"Dolores, CO        ",9,60.4%,35.6%,28.2%,24.0%,11.6%,4.7%
08035,"Douglas, CO        ",1,28.5%,11.5%,5.2%,3.0%,2.5%,2.1%
08037,"Eagle, CO        ",5,43.4%,10.4%,10.2%,13.4%,12.7%,7.6%
08039,"Elbert, CO        ",1,45.2%,23.3%,15.8%,7.5%,2.9%,3.3%
08041,"El Paso, CO        ",2,27.1%,17.3%,11.7%,8.7%,6.6%,5.2%
08043,"Fremont, CO        ",4,50.9%,33.1%,24.6%,19.5%,16.5%,10.2%
08045,"Garfield, CO        ",5,41.4%,19.6%,14.8%,14.6%,14.7%,10.7%
08047,"Gilpin, CO        ",1,35.1%,13.0%,7.0%,5.9%,5.8%,5.6%
08049,"Grand, CO        ",9,40.3%,16.3%,12.6%,7.7%,6.0%,5.3%
08051,"Gunnison, CO        ",7,30.8%,10.1%,9.4%,5.9%,5.7%,1.7%
08053,"Hinsdale, CO        ",9,48.8%,13.1%,7.0%,6.9%,4.9%,1.5%
08055,"Huerfano, CO        ",8,61.0%,47.4%,35.0%,22.2%,16.4%,7.1%
08057,"Jackson, CO        ",9,39.5%,23.6%,17.9%,13.8%,9.7%,14.3%
08059,"Jefferson, CO        ",1,25.4%,13.8%,10.2%,8.2%,6.5%,4.8%
08061,"Kiowa, CO        ",9,46.4%,28.5%,30.2%,13.7%,9.2%,8.8%
08063,"Kit Carson, CO        ",9,46.4%,30.1%,26.5%,23.0%,17.6%,12.3%
08065,"Lake, CO        ",9,43.9%,25.7%,18.3%,20.5%,15.5%,5.7%
08067,"La Plata, CO        ",6,39.9%,20.2%,14.3%,8.6%,5.9%,4.2%
08069,"Larimer, CO        ",2,31.5%,17.3%,11.4%,7.7%,5.9%,3.7%
08071,"Las Animas, CO        ",7,58.6%,38.6%,32.4%,23.1%,17.0%,11.5%
08073,"Lincoln, CO        ",8,45.5%,31.2%,25.5%,18.2%,19.7%,11.3%
08075,"Logan, CO        ",6,41.5%,30.0%,20.9%,17.7%,11.5%,8.9%
08077,"Mesa, CO        ",3,40.9%,25.5%,20.5%,15.0%,10.2%,7.7%
08079,"Mineral, CO        ",9,33.1%,16.5%,15.2%,8.4%,3.9%,2.2%
08081,"Moffat, CO        ",7,43.2%,24.5%,20.1%,20.4%,12.0%,8.7%
08083,"Montezuma, CO        ",6,51.4%,35.8%,25.2%,18.9%,10.2%,8.7%
08085,"Montrose, CO        ",5,46.5%,30.1%,25.5%,19.3%,15.0%,10.7%
08087,"Morgan, CO        ",6,50.0%,34.8%,32.4%,28.6%,21.4%,17.3%
08089,"Otero, CO        ",6,51.7%,40.0%,30.6%,24.3%,17.7%,12.0%
08091,"Ouray, CO        ",9,44.3%,22.8%,12.5%,6.6%,2.5%,2.5%
08093,"Park, CO        ",1,37.7%,17.7%,8.9%,6.7%,4.7%,2.4%
08095,"Phillips, CO        ",9,43.8%,31.0%,21.0%,18.4%,14.3%,10.9%
08097,"Pitkin, CO        ",7,15.9%,5.1%,5.3%,3.7%,3.7%,1.8%
08099,"Prowers, CO        ",7,47.3%,34.6%,29.8%,28.0%,19.3%,14.5%
08101,"Pueblo, CO        ",3,48.8%,33.5%,26.1%,18.7%,13.7%,10.0%
08103,"Rio Blanco, CO        ",9,34.3%,20.7%,18.8%,11.6%,7.2%,7.8%
08105,"Rio Grande, CO        ",9,48.0%,38.0%,30.3%,21.9%,15.5%,9.9%
08107,"Routt, CO        ",7,36.8%,11.9%,8.3%,4.7%,3.2%,3.0%
08109,"Saguache, CO        ",9,55.6%,40.7%,34.1%,30.0%,23.0%,11.5%
08111,"San Juan, CO        ",9,41.4%,18.3%,17.3%,7.9%,8.6%,4.3%
08113,"San Miguel, CO        ",9,51.5%,14.9%,6.5%,6.4%,3.7%,1.8%
08115,"Sedgwick, CO        ",9,49.1%,33.1%,29.1%,20.7%,15.2%,8.7%
08117,"Summit, CO        ",5,32.0%,4.7%,4.5%,6.7%,4.6%,5.8%
08119,"Teller, CO        ",2,32.3%,16.7%,7.9%,6.0%,5.9%,3.0%
08121,"Washington, CO        ",9,49.2%,34.5%,24.1%,18.3%,11.3%,9.5%
08123,"Weld, CO        ",2,42.9%,31.2%,25.1%,20.4%,15.0%,11.7%
08125,"Yuma, CO        ",9,49.9%,34.2%,21.5%,20.5%,13.7%,15.2%
01000,Alabama,,58.7%,43.5%,33.1%,24.7%,17.4%,12.3%
01001,"Autauga, AL        ",2,54.8%,40.6%,30.0%,21.3%,14.9%,9.6%
01003,"Baldwin, AL        ",3,59.4%,39.7%,26.8%,18.0%,11.6%,8.4%
01005,"Barbour, AL        ",6,68.8%,55.1%,44.4%,35.3%,26.4%,23.5%
01007,"Bibb, AL        ",1,73.1%,59.5%,48.2%,36.8%,23.9%,21.1%
01009,"Blount, AL        ",1,70.5%,53.9%,39.5%,29.6%,24.3%,18.2%
01011,"Bullock, AL        ",8,72.9%,59.0%,51.0%,39.5%,29.7%,26.6%
01013,"Butler, AL        ",6,70.5%,55.0%,47.2%,32.2%,23.7%,12.4%
01015,"Calhoun, AL        ",3,58.6%,43.3%,32.6%,26.1%,21.2%,14.9%
01017,"Chambers, AL        ",6,67.4%,54.6%,45.7%,35.8%,26.2%,16.5%
01019,"Cherokee, AL        ",8,69.8%,56.8%,46.5%,36.5%,22.9%,18.1%
01021,"Chilton, AL        ",1,73.2%,54.0%,43.4%,33.8%,24.3%,17.8%
01023,"Choctaw, AL        ",9,68.2%,55.3%,45.7%,35.0%,25.9%,17.6%
01025,"Clarke, AL        ",9,62.7%,50.6%,39.7%,29.2%,21.6%,18.6%
01027,"Clay, AL        ",9,66.8%,53.4%,46.2%,34.0%,25.8%,16.7%
01029,"Cleburne, AL        ",8,73.1%,61.7%,50.2%,37.1%,25.8%,17.5%
01031,"Coffee, AL        ",4,59.9%,43.4%,32.8%,26.8%,18.2%,13.4%
01033,"Colbert, AL        ",3,56.3%,44.2%,34.8%,26.7%,16.6%,13.6%
01035,"Conecuh, AL        ",9,71.2%,57.5%,47.3%,32.3%,24.2%,10.6%
01037,"Coosa, AL        ",8,69.8%,56.9%,46.1%,34.3%,24.2%,16.5%
01039,"Covington, AL        ",6,68.3%,55.7%,42.7%,31.6%,22.6%,14.2%
01041,"Crenshaw, AL        ",8,73.9%,62.4%,48.7%,39.9%,23.7%,17.9%
01043,"Cullman, AL        ",4,69.7%,53.4%,41.2%,29.6%,21.2%,15.4%
01045,"Dale, AL        ",4,44.6%,35.1%,25.8%,22.2%,15.8%,14.3%
01047,"Dallas, AL        ",4,58.6%,46.5%,40.4%,29.7%,24.7%,14.7%
01049,"DeKalb, AL        ",6,72.5%,57.3%,47.0%,36.2%,29.5%,22.3%
01051,"Elmore, AL        ",2,62.0%,42.3%,33.5%,22.4%,13.8%,11.5%
01053,"Escambia, AL        ",6,65.4%,49.2%,40.1%,31.5%,24.8%,17.7%
01055,"Etowah, AL        ",3,59.2%,45.1%,35.9%,25.9%,18.3%,13.9%
01057,"Fayette, AL        ",8,69.8%,56.4%,43.4%,33.9%,24.2%,16.3%
01059,"Franklin, AL        ",6,67.4%,54.9%,44.9%,37.9%,26.9%,19.9%
01061,"Geneva, AL        ",3,68.1%,54.0%,44.6%,34.4%,24.7%,16.6%
01063,"Greene, AL        ",2,73.2%,60.1%,46.2%,35.2%,24.4%,18.1%
01065,"Hale, AL        ",2,74.2%,61.8%,45.6%,34.8%,26.8%,19.4%
01067,"Henry, AL        ",3,70.2%,56.0%,41.5%,33.3%,21.0%,18.5%
01069,"Houston, AL        ",3,57.3%,41.7%,31.7%,23.5%,16.7%,12.4%
01071,"Jackson, AL        ",6,71.5%,52.2%,41.9%,33.0%,25.1%,18.0%
01073,"Jefferson, AL        ",1,52.7%,35.3%,26.2%,19.1%,12.8%,8.9%
01075,"Lamar, AL        ",8,73.9%,57.0%,47.1%,34.9%,23.7%,17.9%
01077,"Lauderdale, AL        ",3,56.0%,42.4%,32.1%,23.6%,16.8%,11.2%
01079,"Lawrence, AL        ",3,71.3%,57.1%,44.4%,34.4%,22.1%,17.3%
01081,"Lee, AL        ",3,51.5%,37.9%,26.8%,18.6%,14.0%,8.3%
01083,"Limestone, AL        ",2,62.4%,49.3%,36.9%,25.5%,18.9%,12.7%
01085,"Lowndes, AL        ",2,73.6%,57.5%,43.3%,35.7%,23.8%,16.7%
01087,"Macon, AL        ",3,61.0%,45.7%,38.1%,30.0%,20.4%,17.3%
01089,"Madison, AL        ",2,37.0%,29.9%,19.8%,14.6%,10.5%,7.8%
01091,"Marengo, AL        ",6,65.6%,51.8%,38.6%,28.1%,17.0%,10.9%
01093,"Marion, AL        ",9,71.6%,57.7%,50.0%,36.8%,28.3%,19.4%
01095,"Marshall, AL        ",4,65.9%,49.9%,38.5%,30.6%,25.4%,15.6%
01097,"Mobile, AL        ",2,57.4%,38.3%,29.9%,23.3%,16.4%,11.9%
01099,"Monroe, AL        ",8,67.3%,49.4%,40.8%,32.1%,24.1%,16.3%
01101,"Montgomery, AL        ",2,45.7%,33.2%,24.7%,19.7%,14.7%,12.0%
01103,"Morgan, AL        ",3,54.0%,40.1%,30.6%,23.7%,18.0%,14.8%
01105,"Perry, AL        ",8,71.2%,56.9%,49.0%,37.6%,27.7%,20.4%
01107,"Pickens, AL        ",2,68.4%,56.2%,43.8%,30.3%,22.5%,15.1%
01109,"Pike, AL        ",6,62.6%,52.6%,41.0%,30.9%,18.4%,12.1%
01111,"Randolph, AL        ",8,71.7%,58.8%,49.7%,38.1%,28.4%,18.0%
01113,"Russell, AL        ",2,72.9%,57.2%,43.0%,33.5%,21.6%,14.8%
01115,"St. Clair, AL        ",1,68.8%,50.1%,39.0%,28.7%,19.3%,12.7%
01117,"Shelby, AL        ",1,63.9%,36.4%,21.8%,13.2%,8.5%,6.2%
01119,"Sumter, AL        ",8,67.5%,53.5%,47.6%,35.2%,24.6%,11.2%
01121,"Talladega, AL        ",4,64.3%,50.9%,39.3%,30.3%,22.1%,16.8%
01123,"Tallapoosa, AL        ",6,66.9%,51.7%,42.2%,29.9%,22.2%,18.1%
01125,"Tuscaloosa, AL        ",2,55.2%,39.9%,30.4%,21.2%,14.2%,9.4%
01127,"Walker, AL        ",1,69.7%,54.4%,44.0%,32.8%,23.9%,17.3%
01129,"Washington, AL        ",8,70.5%,53.5%,41.8%,27.7%,20.1%,11.7%
01131,"Wilcox, AL        ",9,69.6%,58.4%,48.9%,40.5%,28.7%,22.3%
01133,"Winston, AL        ",8,69.1%,57.1%,51.2%,37.4%,30.1%,20.0%
40000,Oklahoma,,48.4%,34.0%,25.4%,19.4%,13.8%,11.1%
40001,"Adair, OK        ",8,73.7%,54.9%,43.9%,33.3%,23.4%,18.2%
40003,"Alfalfa, OK        ",8,42.9%,33.6%,22.7%,18.6%,14.0%,12.6%
40005,"Atoka, OK        ",9,74.1%,55.9%,40.2%,30.6%,18.6%,17.3%
40007,"Beaver, OK        ",9,49.5%,29.6%,24.7%,18.8%,17.7%,14.5%
40009,"Beckham, OK        ",7,59.8%,44.4%,33.5%,24.1%,17.9%,15.2%
40011,"Blaine, OK        ",8,55.3%,40.3%,28.8%,24.5%,19.5%,17.4%
40013,"Bryan, OK        ",6,59.2%,45.0%,32.7%,25.1%,17.3%,12.8%
40015,"Caddo, OK        ",6,61.0%,46.8%,33.8%,24.1%,17.6%,13.4%
40017,"Canadian, OK        ",1,42.0%,24.5%,17.7%,12.7%,8.8%,8.0%
40019,"Carter, OK        ",5,53.7%,39.9%,29.7%,23.0%,14.7%,12.6%
40021,"Cherokee, OK        ",6,62.4%,43.8%,30.1%,23.3%,15.2%,11.6%
40023,"Choctaw, OK        ",9,71.3%,53.4%,42.1%,31.0%,20.0%,15.6%
40025,"Cimarron, OK        ",9,45.4%,32.4%,29.0%,23.4%,22.1%,12.5%
40027,"Cleveland, OK        ",1,35.5%,21.2%,16.1%,11.9%,9.1%,7.8%
40029,"Coal, OK        ",9,68.2%,57.4%,39.6%,31.4%,20.9%,16.3%
40031,"Comanche, OK        ",3,37.9%,26.7%,18.9%,14.8%,11.1%,9.7%
40033,"Cotton, OK        ",3,58.2%,44.6%,37.2%,23.0%,14.3%,16.0%
40035,"Craig, OK        ",6,56.8%,43.5%,33.2%,23.1%,17.4%,15.0%
40037,"Creek, OK        ",1,60.5%,41.6%,31.1%,22.4%,15.2%,9.7%
40039,"Custer, OK        ",5,44.4%,33.9%,24.9%,18.8%,15.6%,11.9%
40041,"Delaware, OK        ",6,64.2%,47.2%,33.8%,24.6%,15.8%,14.1%
40043,"Dewey, OK        ",9,55.8%,39.1%,31.8%,20.2%,12.5%,6.9%
40045,"Ellis, OK        ",9,55.4%,36.5%,26.2%,18.8%,12.5%,13.5%
40047,"Garfield, OK        ",3,41.4%,28.4%,23.5%,17.8%,13.6%,13.2%
40049,"Garvin, OK        ",6,60.6%,48.7%,36.6%,27.0%,17.7%,12.7%
40051,"Grady, OK        ",1,56.5%,41.9%,31.0%,20.5%,15.0%,9.4%
40053,"Grant, OK        ",8,41.3%,28.0%,22.1%,14.3%,9.9%,8.0%
40055,"Greer, OK        ",9,60.1%,48.0%,35.3%,23.3%,21.3%,18.4%
40057,"Harmon, OK        ",9,63.4%,51.5%,42.0%,36.8%,24.8%,20.0%
40059,"Harper, OK        ",9,47.2%,33.4%,23.9%,17.9%,14.4%,9.8%
40061,"Haskell, OK        ",8,73.0%,53.7%,43.6%,33.1%,24.0%,15.5%
40063,"Hughes, OK        ",9,67.1%,53.0%,41.3%,29.2%,23.2%,15.8%
40065,"Jackson, OK        ",7,45.0%,33.3%,25.9%,20.9%,17.6%,14.1%
40067,"Jefferson, OK        ",8,62.2%,49.9%,41.3%,30.7%,19.5%,15.2%
40069,"Johnston, OK        ",9,71.8%,52.3%,39.0%,30.9%,19.3%,11.9%
40071,"Kay, OK        ",4,41.8%,32.0%,23.2%,19.1%,14.4%,10.6%
40073,"Kingfisher, OK        ",8,49.7%,34.6%,23.8%,18.8%,15.3%,9.0%
40075,"Kiowa, OK        ",8,56.2%,45.3%,35.0%,22.6%,14.5%,14.4%
40077,"Latimer, OK        ",9,66.5%,45.6%,36.9%,26.2%,15.7%,14.5%
40079,"Le Flore, OK        ",6,67.2%,52.1%,38.8%,29.6%,20.0%,15.1%
40081,"Lincoln, OK        ",1,57.7%,42.3%,31.2%,22.5%,15.1%,10.9%
40083,"Logan, OK        ",1,53.2%,38.6%,28.0%,18.5%,11.7%,8.2%
40085,"Love, OK        ",9,64.8%,48.8%,33.5%,26.4%,16.4%,16.1%
40087,"McClain, OK        ",1,60.3%,42.1%,27.8%,20.7%,11.9%,11.1%
40089,"McCurtain, OK        ",7,70.3%,52.4%,40.8%,30.8%,18.9%,15.0%
40091,"McIntosh, OK        ",8,66.9%,51.6%,38.5%,28.4%,20.6%,13.6%
40093,"Major, OK        ",8,51.8%,39.3%,29.1%,21.4%,13.2%,9.3%
40095,"Marshall, OK        ",9,63.7%,47.9%,39.3%,29.0%,19.5%,18.1%
40097,"Mayes, OK        ",6,58.4%,41.8%,32.1%,23.9%,15.2%,10.8%
40099,"Murray, OK        ",9,61.8%,46.5%,36.0%,25.7%,16.3%,13.2%
40101,"Muskogee, OK        ",4,56.1%,40.9%,31.7%,24.9%,15.4%,13.1%
40103,"Noble, OK        ",8,50.9%,37.7%,27.2%,18.5%,12.8%,9.7%
40105,"Nowata, OK        ",8,64.2%,47.0%,32.6%,23.8%,17.3%,10.0%
40107,"Okfuskee, OK        ",8,66.4%,53.6%,39.3%,30.6%,20.5%,16.6%
40109,"Oklahoma, OK        ",1,39.3%,26.3%,20.9%,17.5%,14.1%,11.5%
40111,"Okmulgee, OK        ",1,59.7%,45.2%,33.7%,25.3%,15.2%,12.8%
40113,"Osage, OK        ",1,53.6%,36.4%,27.0%,19.8%,12.7%,10.5%
40115,"Ottawa, OK        ",6,52.7%,41.3%,32.2%,24.3%,16.7%,13.3%
40117,"Pawnee, OK        ",1,57.6%,38.5%,27.0%,21.2%,13.0%,12.3%
40119,"Payne, OK        ",4,38.3%,25.4%,17.8%,13.3%,10.6%,6.9%
40121,"Pittsburg, OK        ",7,59.2%,45.1%,35.7%,23.8%,17.7%,13.3%
40123,"Pontotoc, OK        ",7,54.4%,41.2%,30.7%,21.8%,14.8%,10.5%
40125,"Pottawatomie, OK        ",4,53.8%,38.2%,29.7%,20.7%,14.9%,11.4%
40127,"Pushmataha, OK        ",9,69.1%,51.0%,42.2%,31.0%,20.1%,15.9%
40129,"Roger Mills, OK        ",9,62.0%,41.2%,27.9%,20.7%,10.1%,7.5%
40131,"Rogers, OK        ",1,52.7%,35.1%,21.9%,16.6%,9.7%,7.8%
40133,"Seminole, OK        ",7,62.7%,45.3%,37.9%,26.8%,18.9%,14.7%
40135,"Sequoyah, OK        ",3,67.3%,51.8%,40.4%,29.8%,18.5%,16.5%
40137,"Stephens, OK        ",4,52.3%,38.8%,29.2%,23.0%,14.5%,11.3%
40139,"Texas, OK        ",7,45.4%,31.8%,24.5%,28.1%,29.8%,24.6%
40141,"Tillman, OK        ",8,59.0%,47.6%,38.3%,32.6%,23.8%,20.5%
40143,"Tulsa, OK        ",1,38.6%,24.3%,18.3%,14.9%,11.5%,10.1%
40145,"Wagoner, OK        ",1,59.7%,36.7%,25.3%,18.7%,10.8%,8.4%
40147,"Washington, OK        ",4,32.1%,24.9%,20.4%,14.8%,10.9%,8.5%
40149,"Washita, OK        ",9,55.6%,39.2%,33.4%,20.3%,14.5%,10.9%
40151,"Woods, OK        ",7,45.4%,33.2%,23.9%,17.3%,10.6%,10.1%
40153,"Woodward, OK        ",7,48.2%,33.3%,26.6%,20.1%,15.5%,12.8%
13000,Georgia,,59.4%,43.6%,29.1%,21.4%,15.6%,11.3%
13001,"Appling, GA        ",7,72.6%,58.4%,42.8%,32.7%,23.3%,21.6%
13003,"Atkinson, GA        ",9,78.0%,64.9%,48.5%,43.7%,35.5%,29.6%
13005,"Bacon, GA        ",9,79.9%,58.3%,41.9%,32.3%,28.2%,15.3%
13007,"Baker, GA        ",8,79.2%,71.0%,46.4%,34.0%,18.0%,14.3%
13009,"Baldwin, GA        ",4,71.7%,47.2%,35.3%,27.4%,19.0%,14.5%
13011,"Banks, GA        ",8,82.1%,60.5%,43.4%,34.6%,23.0%,20.6%
13013,"Barrow, GA        ",1,74.2%,62.3%,41.2%,26.7%,19.6%,12.4%
13015,"Bartow, GA        ",1,72.2%,60.1%,41.3%,28.2%,19.8%,12.1%
13017,"Ben Hill, GA        ",7,72.9%,56.9%,43.2%,34.2%,24.6%,16.3%
13019,"Berrien, GA        ",8,77.5%,58.9%,42.5%,34.0%,24.1%,18.7%
13021,"Bibb, GA        ",3,57.4%,44.2%,31.8%,22.8%,17.6%,13.5%
13023,"Bleckley, GA        ",6,73.8%,53.0%,39.7%,28.3%,21.0%,12.1%
13025,"Brantley, GA        ",3,68.8%,52.1%,35.9%,27.5%,24.0%,20.4%
13027,"Brooks, GA        ",3,73.6%,60.5%,41.3%,32.5%,22.1%,17.5%
13029,"Bryan, GA        ",2,77.8%,58.1%,31.5%,21.0%,12.0%,7.6%
13031,"Bulloch, GA        ",4,62.0%,48.1%,32.4%,22.1%,13.9%,11.3%
13033,"Burke, GA        ",2,79.7%,61.4%,44.7%,35.1%,24.1%,15.3%
13035,"Butts, GA        ",1,71.6%,56.4%,41.6%,30.2%,23.8%,16.3%
13037,"Calhoun, GA        ",8,78.3%,65.3%,47.8%,34.5%,32.0%,23.8%
13039,"Camden, GA        ",4,61.8%,48.5%,20.5%,16.7%,10.6%,7.5%
13043,"Candler, GA        ",9,75.1%,59.3%,46.8%,43.1%,20.7%,22.5%
13045,"Carroll, GA        ",1,68.3%,53.1%,39.5%,28.9%,19.6%,15.5%
13047,"Catoosa, GA        ",2,60.0%,44.3%,36.2%,24.0%,17.8%,10.5%
13049,"Charlton, GA        ",8,68.5%,56.4%,43.8%,34.9%,32.1%,15.9%
13051,"Chatham, GA        ",2,51.8%,39.4%,26.3%,19.8%,11.8%,8.6%
13053,"Chattahoochee, GA        ",2,25.7%,18.2%,11.5%,11.2%,7.2%,4.0%
13055,"Chattooga, GA        ",6,75.8%,65.7%,49.9%,39.6%,31.3%,26.8%
13057,"Cherokee, GA        ",1,71.7%,47.9%,24.8%,15.6%,11.1%,7.8%
13059,"Clarke, GA        ",3,38.7%,32.6%,22.9%,19.0%,15.1%,10.1%
13061,"Clay, GA        ",9,77.6%,62.8%,48.6%,35.7%,24.2%,16.8%
13063,"Clayton, GA        ",1,50.5%,33.5%,22.8%,19.9%,17.7%,14.5%
13065,"Clinch, GA        ",8,74.5%,65.6%,53.8%,41.1%,28.7%,26.0%
13067,"Cobb, GA        ",1,49.8%,27.7%,14.2%,11.2%,9.3%,7.0%
13069,"Coffee, GA        ",7,70.3%,56.6%,42.0%,35.2%,26.2%,21.7%
13071,"Colquitt, GA        ",6,68.5%,54.9%,43.0%,35.1%,28.5%,22.3%
13073,"Columbia, GA        ",2,58.7%,32.8%,18.9%,12.1%,9.0%,6.8%
13075,"Cook, GA        ",6,72.1%,61.3%,44.8%,35.4%,25.7%,18.1%
13077,"Coweta, GA        ",1,68.5%,53.9%,32.6%,18.4%,12.6%,9.2%
13079,"Crawford, GA        ",3,77.4%,59.5%,39.8%,32.7%,23.5%,19.0%
13081,"Crisp, GA        ",6,69.1%,54.9%,43.8%,34.1%,24.4%,17.8%
13083,"Dade, GA        ",2,73.6%,56.3%,44.7%,33.0%,18.5%,13.6%
13085,"Dawson, GA        ",1,82.5%,63.3%,39.9%,20.5%,13.7%,12.0%
13087,"Decatur, GA        ",6,73.0%,54.6%,40.2%,30.3%,21.6%,17.7%
13089,"DeKalb, GA        ",1,36.2%,23.1%,16.1%,14.9%,11.8%,8.9%
13091,"Dodge, GA        ",7,75.5%,59.8%,43.2%,33.7%,21.3%,13.4%
13093,"Dooly, GA        ",8,77.0%,66.1%,45.3%,31.5%,27.5%,17.2%
13095,"Dougherty, GA        ",3,51.7%,41.5%,32.5%,26.3%,20.7%,16.1%
13097,"Douglas, GA        ",1,63.9%,42.6%,27.7%,18.9%,13.5%,9.7%
13099,"Early, GA        ",8,78.6%,61.2%,45.9%,31.6%,22.9%,20.2%
13101,"Echols, GA        ",3,75.3%,59.0%,39.0%,39.5%,26.2%,17.6%
13103,"Effingham, GA        ",2,73.7%,53.4%,34.0%,21.1%,14.2%,9.9%
13105,"Elbert, GA        ",6,77.7%,58.6%,45.7%,32.8%,23.2%,18.3%
13107,"Emanuel, GA        ",7,76.0%,61.6%,47.4%,38.6%,24.6%,20.9%
13109,"Evans, GA        ",8,78.0%,56.9%,41.5%,34.3%,23.6%,21.0%
13111,"Fannin, GA        ",8,72.1%,59.1%,44.2%,29.1%,21.1%,12.2%
13113,"Fayette, GA        ",1,63.0%,26.7%,13.5%,7.6%,6.1%,4.7%
13115,"Floyd, GA        ",3,64.4%,51.2%,36.1%,28.5%,22.8%,15.8%
13117,"Forsyth, GA        ",1,72.0%,49.2%,32.4%,14.3%,9.0%,6.1%
13119,"Franklin, GA        ",8,74.9%,62.1%,45.9%,33.0%,26.9%,19.1%
13121,"Fulton, GA        ",1,50.1%,34.0%,22.2%,16.0%,9.8%,6.4%
13123,"Gilmer, GA        ",6,73.5%,62.5%,47.7%,34.0%,24.1%,14.0%
13125,"Glascock, GA        ",9,88.4%,68.2%,49.7%,33.9%,22.0%,17.8%
13127,"Glynn, GA        ",3,51.8%,38.1%,25.7%,17.8%,13.4%,11.8%
13129,"Gordon, GA        ",4,74.3%,57.9%,41.6%,34.1%,26.9%,22.1%
13131,"Grady, GA        ",6,71.0%,59.3%,45.1%,30.6%,26.7%,19.1%
13133,"Greene, GA        ",8,69.7%,65.1%,48.8%,29.9%,23.8%,11.9%
13135,"Gwinnett, GA        ",1,62.4%,28.3%,13.3%,12.7%,12.8%,11.8%
13137,"Habersham, GA        ",6,67.7%,56.5%,41.0%,29.1%,21.1%,19.3%
13139,"Hall, GA        ",3,66.6%,51.9%,34.9%,29.5%,21.5%,18.9%
13141,"Hancock, GA        ",9,80.3%,66.4%,50.5%,37.8%,25.2%,24.9%
13143,"Haralson, GA        ",1,69.7%,58.0%,44.0%,37.0%,27.0%,15.9%
13145,"Harris, GA        ",2,69.9%,50.3%,35.0%,21.0%,9.0%,6.6%
13147,"Hart, GA        ",6,79.4%,61.9%,43.1%,28.9%,20.4%,17.1%
13149,"Heard, GA        ",1,80.8%,64.5%,50.9%,34.0%,28.7%,15.9%
13151,"Henry, GA        ",1,69.4%,45.6%,27.1%,15.8%,10.6%,7.5%
13153,"Houston, GA        ",3,40.1%,31.2%,20.5%,15.7%,12.1%,7.0%
13155,"Irwin, GA        ",9,72.0%,60.5%,46.9%,32.3%,22.8%,18.3%
13157,"Jackson, GA        ",4,70.6%,59.3%,45.5%,31.9%,20.1%,12.2%
13159,"Jasper, GA        ",1,69.5%,58.6%,35.4%,30.3%,15.8%,10.4%
13161,"Jeff Davis, GA        ",9,72.5%,59.5%,44.8%,36.7%,21.3%,19.4%
13163,"Jefferson, GA        ",8,79.3%,63.6%,50.3%,41.5%,26.2%,19.6%
13165,"Jenkins, GA        ",9,81.3%,64.8%,50.1%,38.0%,30.4%,18.5%
13167,"Johnson, GA        ",9,78.7%,65.0%,48.0%,37.6%,26.7%,23.8%
13169,"Jones, GA        ",3,67.1%,45.8%,29.8%,22.1%,11.0%,8.4%
13171,"Lamar, GA        ",6,71.9%,54.3%,42.0%,28.7%,20.0%,10.6%
13173,"Lanier, GA        ",3,72.0%,60.6%,48.8%,33.0%,25.1%,13.2%
13175,"Laurens, GA        ",4,70.5%,54.3%,39.0%,29.7%,20.3%,13.5%
13177,"Lee, GA        ",3,72.6%,45.9%,30.2%,18.7%,16.2%,8.1%
13179,"Liberty, GA        ",3,57.0%,30.6%,17.9%,13.2%,10.5%,7.8%
13181,"Lincoln, GA        ",2,80.6%,58.9%,40.8%,29.0%,18.5%,12.8%
13183,"Long, GA        ",3,79.0%,53.9%,36.4%,25.7%,19.0%,16.2%
13185,"Lowndes, GA        ",3,54.1%,42.9%,30.2%,22.3%,16.2%,10.4%
13187,"Lumpkin, GA        ",1,74.7%,56.8%,39.8%,28.0%,15.2%,12.4%
13189,"McDuffie, GA        ",2,65.9%,58.1%,43.9%,33.3%,25.0%,14.5%
13191,"McIntosh, GA        ",3,72.7%,58.6%,43.1%,28.8%,18.4%,17.5%
13193,"Macon, GA        ",8,75.2%,64.8%,46.3%,36.8%,28.4%,27.4%
13195,"Madison, GA        ",3,76.9%,57.4%,40.3%,29.2%,24.5%,16.9%
13197,"Marion, GA        ",2,81.1%,64.0%,45.5%,34.6%,23.6%,24.1%
13199,"Meriwether, GA        ",1,71.2%,60.6%,48.4%,34.2%,28.3%,17.1%
13201,"Miller, GA        ",9,76.2%,58.4%,42.6%,31.0%,21.5%,17.3%
13205,"Mitchell, GA        ",6,75.3%,60.6%,45.1%,34.7%,30.6%,16.5%
13207,"Monroe, GA        ",3,71.7%,54.5%,33.8%,22.3%,20.2%,11.6%
13209,"Montgomery, GA        ",9,73.5%,58.1%,42.6%,28.6%,17.8%,16.1%
13211,"Morgan, GA        ",1,73.1%,58.9%,40.4%,26.0%,20.0%,10.6%
13213,"Murray, GA        ",3,75.4%,63.8%,47.9%,38.9%,31.2%,23.8%
13215,"Muscogee, GA        ",2,49.9%,39.1%,28.5%,21.1%,15.3%,11.5%
13217,"Newton, GA        ",1,70.9%,54.9%,40.3%,25.3%,15.8%,10.3%
13219,"Oconee, GA        ",3,60.5%,39.9%,22.9%,13.3%,9.0%,4.5%
13221,"Oglethorpe, GA        ",3,80.1%,57.4%,38.2%,27.9%,22.7%,12.6%
13223,"Paulding, GA        ",1,77.8%,58.3%,35.9%,19.2%,11.9%,9.0%
13225,"Peach, GA        ",3,62.9%,49.0%,32.5%,26.6%,19.4%,14.0%
13227,"Pickens, GA        ",1,80.6%,62.1%,43.2%,29.8%,19.3%,9.9%
13229,"Pierce, GA        ",8,71.1%,53.5%,40.0%,30.2%,22.3%,13.3%
13231,"Pike, GA        ",1,77.6%,53.1%,35.1%,24.7%,15.6%,11.9%
13233,"Polk, GA        ",4,73.4%,60.3%,48.2%,36.7%,26.9%,17.1%
13235,"Pulaski, GA        ",8,70.7%,54.2%,39.4%,26.6%,24.7%,19.2%
13237,"Putnam, GA        ",8,64.7%,53.7%,38.2%,24.5%,18.0%,12.4%
13239,"Quitman, GA        ",8,78.8%,64.2%,50.5%,42.2%,31.5%,20.9%
13241,"Rabun, GA        ",9,70.6%,53.7%,37.3%,24.6%,15.2%,10.8%
13243,"Randolph, GA        ",8,80.6%,64.4%,50.7%,37.6%,25.3%,18.9%
13245,"Richmond, GA        ",2,51.9%,38.6%,29.1%,22.0%,16.9%,12.4%
13247,"Rockdale, GA        ",1,64.6%,36.6%,22.3%,17.6%,13.3%,10.5%
13249,"Schley, GA        ",8,77.9%,55.7%,43.6%,30.0%,26.4%,14.9%
13251,"Screven, GA        ",8,80.8%,58.5%,41.1%,33.1%,22.9%,15.1%
13253,"Seminole, GA        ",8,69.5%,57.1%,47.3%,32.1%,20.0%,12.1%
13255,"Spalding, GA        ",1,68.5%,55.6%,40.0%,32.2%,23.9%,16.4%
13257,"Stephens, GA        ",7,67.0%,56.7%,39.9%,28.9%,22.0%,16.3%
13259,"Stewart, GA        ",2,77.3%,64.1%,48.6%,36.8%,32.5%,27.4%
13261,"Sumter, GA        ",6,67.0%,53.1%,37.2%,30.1%,22.5%,16.3%
13263,"Talbot, GA        ",2,78.7%,59.7%,43.8%,35.2%,22.1%,16.6%
13265,"Taliaferro, GA        ",8,88.1%,74.9%,51.4%,43.8%,34.2%,15.7%
13267,"Tattnall, GA        ",8,73.8%,55.6%,42.6%,33.7%,24.3%,21.7%
13269,"Taylor, GA        ",8,80.2%,64.0%,48.8%,36.4%,27.0%,26.0%
13271,"Telfair, GA        ",9,73.6%,60.4%,47.9%,36.4%,25.3%,24.5%
13273,"Terrell, GA        ",3,71.3%,62.7%,47.6%,35.5%,34.4%,18.1%
13275,"Thomas, GA        ",4,67.8%,51.4%,36.7%,26.5%,18.8%,13.7%
13277,"Tift, GA        ",5,67.2%,54.5%,38.7%,32.1%,23.5%,16.1%
13279,"Toombs, GA        ",7,72.5%,56.0%,41.0%,32.7%,20.8%,17.0%
13281,"Towns, GA        ",9,68.6%,55.0%,41.8%,24.9%,14.4%,7.8%
13283,"Treutlen, GA        ",9,80.6%,67.0%,47.3%,38.2%,27.1%,26.4%
13285,"Troup, GA        ",4,70.2%,58.2%,39.2%,27.0%,20.1%,11.7%
13287,"Turner, GA        ",9,77.7%,60.2%,44.7%,32.3%,28.3%,20.5%
13289,"Twiggs, GA        ",3,82.1%,66.4%,51.6%,36.8%,29.2%,20.7%
13291,"Union, GA        ",8,79.2%,61.4%,41.3%,25.8%,16.2%,11.8%
13293,"Upson, GA        ",6,69.1%,58.5%,45.4%,33.3%,22.6%,15.6%
13295,"Walker, GA        ",2,66.6%,55.4%,41.7%,33.2%,22.3%,15.0%
13297,"Walton, GA        ",1,74.7%,62.0%,42.1%,26.5%,17.3%,12.9%
13299,"Ware, GA        ",5,67.3%,52.8%,38.9%,29.7%,18.9%,18.4%
13301,"Warren, GA        ",8,79.2%,68.8%,57.2%,42.9%,27.0%,27.9%
13303,"Washington, GA        ",7,78.4%,62.1%,41.9%,31.7%,23.3%,15.8%
13305,"Wayne, GA        ",6,64.5%,51.4%,37.1%,29.9%,20.1%,14.5%
13307,"Webster, GA        ",8,84.9%,63.5%,49.6%,38.7%,22.8%,18.8%
13309,"Wheeler, GA        ",9,83.2%,63.2%,43.3%,32.1%,25.4%,23.5%
13311,"White, GA        ",8,72.4%,51.9%,37.1%,24.0%,14.9%,14.4%
13313,"Whitfield, GA        ",3,70.3%,55.3%,40.2%,37.0%,30.9%,25.7%
13315,"Wilcox, GA        ",9,71.6%,63.6%,47.2%,31.8%,25.5%,19.6%
13317,"Wilkes, GA        ",8,68.7%,59.7%,43.4%,35.0%,25.0%,17.4%
13319,"Wilkinson, GA        ",8,78.0%,59.5%,38.0%,29.6%,21.8%,10.6%
13321,"Worth, GA        ",3,73.0%,56.6%,41.9%,31.7%,27.1%,14.5%
41000,Oregon,,40.0%,24.4%,18.5%,14.9%,10.8%,8.4%
41001,"Baker, OR        ",7,46.4%,30.3%,25.0%,19.7%,11.9%,8.6%
41003,"Benton, OR        ",3,25.1%,13.9%,10.7%,6.9%,6.0%,4.0%
41005,"Clackamas, OR        ",1,36.3%,20.6%,14.3%,11.1%,7.6%,5.6%
41007,"Clatsop, OR        ",4,45.1%,25.6%,18.2%,14.4%,8.2%,7.8%
41009,"Columbia, OR        ",1,47.9%,30.7%,22.0%,14.4%,11.1%,9.4%
41011,"Coos, OR        ",5,50.1%,32.0%,24.5%,18.4%,12.2%,10.0%
41013,"Crook, OR        ",3,46.3%,30.4%,28.2%,19.5%,14.6%,9.7%
41015,"Curry, OR        ",7,48.0%,31.9%,21.9%,18.3%,9.2%,8.9%
41017,"Deschutes, OR        ",3,38.5%,21.7%,16.8%,11.6%,7.0%,5.7%
41019,"Douglas, OR        ",4,49.3%,32.1%,25.5%,19.0%,13.2%,8.7%
41021,"Gilliam, OR        ",9,29.9%,21.0%,14.6%,10.7%,10.4%,10.2%
41023,"Grant, OR        ",9,46.1%,29.5%,22.8%,15.5%,11.2%,10.9%
41025,"Harney, OR        ",9,45.2%,28.0%,22.0%,18.8%,10.6%,8.8%
41027,"Hood River, OR        ",6,46.2%,30.5%,28.7%,21.8%,17.7%,15.9%
41029,"Jackson, OR        ",3,42.9%,26.1%,19.9%,15.0%,10.6%,9.0%
41031,"Jefferson, OR        ",3,43.8%,29.8%,26.1%,23.5%,16.3%,12.1%
41033,"Josephine, OR        ",3,49.6%,31.9%,24.8%,18.2%,11.8%,9.0%
41035,"Klamath, OR        ",5,40.3%,25.7%,23.8%,18.5%,12.8%,10.7%
41037,"Lake, OR        ",9,44.0%,32.6%,25.0%,20.4%,13.6%,13.0%
41039,"Lane, OR        ",2,38.1%,22.4%,17.0%,12.5%,9.4%,7.2%
41041,"Lincoln, OR        ",5,46.1%,27.6%,19.5%,15.1%,10.7%,7.2%
41043,"Linn, OR        ",3,46.2%,30.5%,23.8%,18.1%,11.3%,9.2%
41045,"Malheur, OR        ",6,45.4%,32.3%,30.1%,29.0%,20.2%,18.6%
41047,"Marion, OR        ",2,38.9%,26.5%,21.3%,20.7%,16.9%,14.3%
41049,"Morrow, OR        ",8,40.3%,28.2%,26.1%,25.9%,21.7%,23.2%
41051,"Multnomah, OR        ",1,39.0%,23.6%,17.1%,14.4%,10.5%,7.7%
41053,"Polk, OR        ",2,41.7%,26.3%,20.0%,14.5%,10.1%,8.2%
41055,"Sherman, OR        ",9,39.9%,24.6%,16.9%,15.7%,9.8%,11.8%
41057,"Tillamook, OR        ",7,49.4%,31.8%,23.7%,15.9%,11.5%,9.3%
41059,"Umatilla, OR        ",4,42.9%,28.7%,24.9%,22.2%,17.8%,15.5%
41061,"Union, OR        ",7,40.9%,25.0%,19.8%,14.4%,10.7%,7.2%
41063,"Wallowa, OR        ",9,39.8%,25.5%,18.8%,12.5%,7.7%,6.7%
41065,"Wasco, OR        ",7,42.5%,24.8%,22.6%,17.9%,16.7%,13.6%
41067,"Washington, OR        ",1,28.3%,15.0%,11.8%,11.1%,9.3%,7.1%
41069,"Wheeler, OR        ",9,47.9%,32.8%,30.6%,20.6%,12.8%,8.4%
41071,"Yamhill, OR        ",1,44.6%,28.0%,20.9%,17.2%,12.8%,10.1%
53000,Washington,,36.5%,22.4%,16.2%,12.9%,10.0%,7.9%
53001,"Adams, WA        ",6,42.7%,34.3%,33.6%,36.7%,32.6%,29.0%
53003,"Asotin, WA        ",3,45.0%,26.5%,22.8%,14.2%,10.9%,7.0%
53005,"Benton, WA        ",2,31.1%,18.7%,16.1%,14.9%,11.1%,9.9%
53007,"Chelan, WA        ",3,42.4%,30.9%,25.7%,20.9%,16.5%,14.6%
53009,"Clallam, WA        ",5,43.9%,26.7%,20.3%,14.5%,8.5%,7.0%
53011,"Clark, WA        ",1,39.9%,24.2%,16.1%,12.2%,9.0%,7.0%
53013,"Columbia, WA        ",8,51.9%,28.1%,28.2%,17.3%,12.3%,10.1%
53015,"Cowlitz, WA        ",3,42.2%,28.9%,22.7%,16.8%,13.3%,9.9%
53017,"Douglas, WA        ",3,39.3%,28.3%,24.1%,21.6%,19.0%,18.2%
53019,"Ferry, WA        ",8,49.2%,28.0%,27.4%,17.3%,12.0%,8.6%
53021,"Franklin, WA        ",2,36.0%,28.2%,31.9%,36.5%,30.4%,24.2%
53023,"Garfield, WA        ",8,35.0%,23.7%,18.2%,15.6%,5.2%,7.1%
53025,"Grant, WA        ",5,39.8%,31.9%,28.4%,27.8%,24.4%,19.6%
53027,"Grays Harbor, WA        ",4,46.7%,32.7%,26.0%,18.9%,14.9%,9.9%
53029,"Island, WA        ",4,28.6%,17.8%,11.7%,7.9%,5.2%,4.3%
53031,"Jefferson, WA        ",6,41.5%,23.1%,17.3%,8.4%,6.1%,2.9%
53033,"King, WA        ",1,31.0%,17.4%,11.8%,9.7%,8.0%,6.2%
53035,"Kitsap, WA        ",2,36.7%,20.3%,13.4%,9.2%,6.6%,4.8%
53037,"Kittitas, WA        ",4,36.5%,25.6%,18.8%,12.8%,9.1%,6.9%
53039,"Klickitat, WA        ",9,49.4%,32.5%,29.6%,18.3%,12.4%,10.6%
53041,"Lewis, WA        ",4,47.5%,32.6%,24.6%,19.5%,14.2%,10.5%
53043,"Lincoln, WA        ",8,36.9%,23.2%,18.1%,13.5%,7.0%,7.6%
53045,"Mason, WA        ",4,43.5%,28.8%,20.8%,16.3%,11.7%,9.5%
53047,"Okanogan, WA        ",6,46.8%,30.1%,28.7%,23.4%,17.1%,14.0%
53049,"Pacific, WA        ",7,50.0%,32.5%,25.8%,21.1%,13.7%,8.7%
53051,"Pend Oreille, WA        ",8,50.6%,31.9%,25.2%,19.0%,10.2%,6.6%
53053,"Pierce, WA        ",1,39.3%,23.7%,16.8%,13.1%,9.6%,7.6%
53055,"San Juan, WA        ",9,28.9%,12.0%,8.8%,5.6%,5.5%,4.2%
53057,"Skagit, WA        ",3,40.3%,25.5%,19.0%,16.0%,11.7%,9.2%
53059,"Skamania, WA        ",1,42.6%,28.0%,22.6%,14.1%,9.5%,6.6%
53061,"Snohomish, WA        ",1,37.8%,22.0%,14.3%,10.8%,8.9%,7.2%
53063,"Spokane, WA        ",2,34.7%,21.8%,15.6%,10.9%,7.2%,5.9%
53065,"Stevens, WA        ",2,47.7%,25.4%,19.1%,14.6%,9.2%,8.0%
53067,"Thurston, WA        ",2,33.2%,20.0%,13.5%,10.5%,7.1%,5.7%
53069,"Wahkiakum, WA        ",8,50.7%,36.2%,22.2%,15.8%,6.7%,7.9%
53071,"Walla Walla, WA        ",3,38.1%,24.8%,20.9%,18.9%,12.4%,11.1%
53073,"Whatcom, WA        ",3,39.2%,23.5%,16.8%,12.5%,8.9%,6.7%
53075,"Whitman, WA        ",4,26.0%,14.2%,9.0%,7.2%,3.8%,4.2%
53077,"Yakima, WA        ",2,50.2%,37.9%,33.9%,31.3%,28.9%,24.3%
12000,Florida,,47.4%,33.3%,25.6%,20.1%,14.2%,10.7%
12001,"Alachua, FL        ",2,40.2%,24.5%,17.3%,11.9%,9.3%,6.4%
12003,"Baker, FL        ",1,65.1%,49.3%,35.9%,28.1%,21.6%,14.9%
12005,"Bay, FL        ",3,49.0%,34.2%,25.3%,19.0%,12.6%,9.6%
12007,"Bradford, FL        ",6,63.5%,46.4%,35.0%,25.8%,25.1%,17.9%
12009,"Brevard, FL        ",2,29.3%,24.6%,17.7%,13.7%,9.7%,7.3%
12011,"Broward, FL        ",1,44.6%,29.6%,23.2%,18.0%,12.4%,10.0%
12013,"Calhoun, FL        ",8,69.3%,53.0%,44.1%,30.9%,26.4%,20.7%
12015,"Charlotte, FL        ",3,47.0%,33.3%,24.3%,17.9%,11.6%,8.1%
12017,"Citrus, FL        ",3,57.5%,44.7%,31.4%,21.7%,14.6%,9.6%
12019,"Clay, FL        ",1,46.5%,26.3%,18.8%,13.6%,10.1%,7.5%
12021,"Collier, FL        ",2,41.6%,28.8%,21.0%,18.2%,14.9%,10.5%
12023,"Columbia, FL        ",4,56.5%,41.1%,31.0%,25.3%,18.9%,14.2%
12027,"DeSoto, FL        ",6,64.1%,49.4%,45.5%,36.5%,28.5%,26.9%
12029,"Dixie, FL        ",8,65.7%,50.6%,42.3%,34.1%,23.6%,19.2%
12031,"Duval, FL        ",1,48.4%,33.2%,23.1%,17.3%,12.5%,9.3%
12033,"Escambia, FL        ",2,49.7%,32.7%,23.8%,17.9%,12.9%,9.2%
12035,"Flagler, FL        ",2,55.4%,29.2%,21.3%,14.1%,10.2%,7.7%
12037,"Franklin, FL        ",8,64.7%,56.0%,40.5%,31.7%,20.8%,19.6%
12039,"Gadsden, FL        ",2,69.4%,52.9%,40.1%,29.3%,23.2%,19.7%
12041,"Gilchrist, FL        ",2,68.4%,43.5%,37.0%,27.6%,20.8%,14.0%
12043,"Glades, FL        ",8,67.9%,47.0%,42.6%,30.2%,24.4%,26.9%
12045,"Gulf, FL        ",8,57.7%,41.4%,33.6%,27.4%,21.7%,14.3%
12047,"Hamilton, FL        ",8,67.7%,50.6%,41.6%,37.1%,26.1%,22.9%
12049,"Hardee, FL        ",6,64.6%,55.1%,45.2%,42.0%,36.9%,22.1%
12051,"Hendry, FL        ",4,63.6%,49.5%,43.4%,45.8%,35.7%,30.5%
12053,"Hernando, FL        ",1,59.2%,40.1%,29.5%,21.5%,14.3%,10.6%
12055,"Highlands, FL        ",3,56.4%,42.8%,31.8%,25.5%,19.6%,13.8%
12057,"Hillsborough, FL        ",1,50.7%,34.2%,24.4%,19.2%,13.6%,10.7%
12059,"Holmes, FL        ",8,71.5%,56.3%,42.9%,34.8%,24.1%,17.3%
12061,"Indian River, FL        ",3,46.5%,33.4%,23.5%,18.4%,13.3%,8.6%
12063,"Jackson, FL        ",6,63.7%,48.9%,38.4%,30.9%,21.2%,15.8%
12065,"Jefferson, FL        ",2,65.9%,48.3%,35.9%,26.8%,19.1%,14.9%
12067,"Lafayette, FL        ",9,67.3%,46.1%,41.8%,31.8%,19.3%,21.5%
12069,"Lake, FL        ",1,51.8%,38.2%,29.4%,20.2%,12.9%,9.6%
12071,"Lee, FL        ",2,45.9%,32.6%,23.1%,17.7%,12.9%,9.9%
12073,"Leon, FL        ",2,35.5%,21.2%,15.1%,10.9%,8.3%,6.7%
12075,"Levy, FL        ",2,65.6%,46.2%,37.2%,26.1%,19.1%,12.4%
12077,"Liberty, FL        ",8,69.7%,52.3%,43.3%,34.4%,26.1%,19.0%
12079,"Madison, FL        ",8,69.8%,56.5%,43.5%,32.5%,22.8%,19.8%
12081,"Manatee, FL        ",2,47.3%,33.5%,24.4%,18.6%,13.0%,9.3%
12083,"Marion, FL        ",2,52.8%,40.5%,30.4%,21.8%,15.2%,10.8%
12085,"Martin, FL        ",2,48.9%,29.6%,20.3%,14.7%,11.5%,7.6%
12086,"Miami-Dade, FL        ",1,48.1%,36.0%,35.0%,32.1%,21.8%,17.3%
12087,"Monroe, FL        ",4,44.0%,27.7%,20.3%,15.1%,10.7%,7.8%
12089,"Nassau, FL        ",1,61.5%,41.9%,28.8%,19.0%,12.0%,8.2%
12091,"Okaloosa, FL        ",2,32.9%,22.6%,16.2%,12.0%,8.8%,7.0%
12093,"Okeechobee, FL        ",4,67.1%,49.4%,40.9%,34.9%,31.0%,20.1%
12095,"Orange, FL        ",1,43.4%,29.6%,21.2%,18.2%,12.9%,10.6%
12097,"Osceola, FL        ",1,55.7%,38.6%,26.3%,20.9%,15.4%,12.3%
12099,"Palm Beach, FL        ",1,44.3%,29.3%,21.2%,16.4%,12.8%,11.0%
12101,"Pasco, FL        ",1,57.8%,44.2%,33.1%,22.4%,13.1%,9.3%
12103,"Pinellas, FL        ",1,47.0%,31.7%,21.9%,16.0%,11.3%,7.5%
12105,"Polk, FL        ",2,53.7%,40.2%,32.0%,25.2%,17.9%,13.1%
12107,"Putnam, FL        ",4,60.0%,44.7%,35.7%,29.6%,22.3%,17.6%
12109,"St. Johns, FL        ",1,52.0%,34.0%,20.1%,12.8%,7.3%,5.0%
12111,"St. Lucie, FL        ",2,53.2%,37.3%,28.3%,22.3%,15.8%,11.4%
12113,"Santa Rosa, FL        ",2,45.2%,30.5%,21.5%,14.6%,10.7%,7.4%
12115,"Sarasota, FL        ",2,36.1%,26.6%,18.7%,12.9%,8.4%,5.9%
12117,"Seminole, FL        ",1,45.6%,23.8%,15.4%,11.3%,8.7%,6.1%
12119,"Sumter, FL        ",3,63.8%,48.7%,35.7%,22.7%,13.7%,7.5%
12121,"Suwannee, FL        ",6,66.4%,46.7%,36.2%,26.8%,20.8%,15.7%
12123,"Taylor, FL        ",6,63.6%,47.4%,37.9%,30.0%,22.3%,16.7%
12125,"Union, FL        ",8,66.1%,43.1%,32.3%,27.5%,25.2%,22.1%
12127,"Volusia, FL        ",2,43.1%,33.5%,24.6%,18.0%,12.5%,8.4%
12129,"Wakulla, FL        ",2,68.5%,43.3%,28.4%,21.6%,13.1%,11.6%
12131,"Walton, FL        ",2,62.5%,49.2%,33.5%,24.0%,14.3%,8.1%
12133,"Washington, FL        ",3,67.9%,49.0%,39.1%,28.8%,19.8%,16.9%